CONNECT HOTEL_PUBLIC/password@localhost:1521/HOTEL;
SET SERVEROUTPUT ON;

/*
    Check connection availability
*/
SET SERVEROUTPUT ON

DECLARE
  v_service_name VARCHAR2(100);
BEGIN
  SELECT SYS_CONTEXT('USERENV', 'SERVICE_NAME') INTO v_service_name FROM DUAL;
  DBMS_OUTPUT.PUT_LINE('Service Name: ' || v_service_name);
END;
/
/*
    Insert records
*/
-- khách hàng
INSERT INTO A_KHACHHANG VALUES ('KH001','Nguyễn A','Nữ',TO_DATE('2003/07/09', 'yyyy/mm/dd'),'0123293', '214325435','abc@gmail.com', 'TP HCM');
INSERT INTO A_KHACHHANG VALUES ('KH002','Nguyễn B','Nữ',TO_DATE('2003/07/09', 'yyyy/mm/dd'),'0123293', '31232143','xyz@gmail.com' ,'TP HCM');
INSERT INTO A_KHACHHANG VALUES ('KH003','Nguyễn C','Nữ',TO_DATE('2003/07/09', 'yyyy/mm/dd'),'0123293', '2343254554','12325@gmail.com', 'TP HCM');
INSERT INTO A_KHACHHANG VALUES ('KH004','Nguyễn D','Nam',TO_DATE('2003/07/09', 'yyyy/mm/dd'),'0123293', '23545436','bca@gmail.com', 'TP HCM');
INSERT INTO A_KHACHHANG VALUES ('KH005','Nguyễn E','Nam',TO_DATE('2003/07/09', 'yyyy/mm/dd'),'0123293', '3463564564','12321@gmail.com', 'TP HCM');
-- nhân viên
INSERT INTO A_NHANVIEN VALUES ('NV001','Nguyễn A','Nữ',TO_DATE('2003/07/09', 'yyyy/mm/dd'),'0123293', '214325435','abc@gmail.com','Nhân viên', 'TP HCM');
INSERT INTO A_NHANVIEN VALUES ('NV002','Nguyễn B','Nữ',TO_DATE('2003/07/09', 'yyyy/mm/dd'),'0123293', '31232143','xyz@gmail.com' ,'Nhân viên','TP HCM');
INSERT INTO A_NHANVIEN VALUES ('NV003','Nguyễn C','Nữ',TO_DATE('2003/07/09', 'yyyy/mm/dd'),'0123293', '2343254554','12325@gmail.com','Nhân viên', 'TP HCM');
INSERT INTO A_NHANVIEN VALUES ('NV004','Nguyễn D','Nam',TO_DATE('2003/07/09', 'yyyy/mm/dd'),'0123293', '23545436','bca@gmail.com','Nhân viên', 'TP HCM');
INSERT INTO A_NHANVIEN VALUES ('NV005','Nguyễn E','Nam',TO_DATE('2003/07/09', 'yyyy/mm/dd'),'0123293', '3463564564','12321@gmail.com','Nhân viên', 'TP HCM');
--phong
INSERT INTO A_PHONG VALUES('STD01','Standard',300000,'Đã đặt',2);
INSERT INTO A_PHONG VALUES('STD02','Standard',300000,'Trống',2);
INSERT INTO A_PHONG VALUES('STD03','Standard',600000,'Trống',4);
INSERT INTO A_PHONG VALUES('STD04','Standard',600000,'Trống',4);
INSERT INTO A_PHONG VALUES('SUP01','Superior',800000,'Trống',2);
INSERT INTO A_PHONG VALUES('SUP02','Superior',1000000,'Trống',4);
INSERT INTO A_PHONG VALUES('DLX01','Deluxe',100000,'Trống',2);
INSERT INTO A_PHONG VALUES('DLX02','Deluxe',1500000,'Trống',4);
INSERT INTO A_PHONG VALUES('SUT01','Suit',2000000,'Trống',2);
--tour
INSERT INTO A_TOUR VALUES('TOUR01','Tour đi đảo','Phú Quốc','CTY01');
INSERT INTO A_TOUR VALUES('TOUR02','Tour đi đảo','Cát Bà', 'CTY01');
INSERT INTO A_TOUR VALUES('TOUR03','Tour đi đảo','Phú Quý', 'CTY01');
INSERT INTO A_TOUR VALUES('TOUR04','Tour khu vui chơi','Nha Trang Vin Wonder', 'CTY02');
INSERT INTO A_TOUR VALUES('TOUR05','Tour khu vui chơi','Hội An', 'CTY02');
-- cty dịch vụ lữ hành
INSERT INTO A_CTLUHANH VALUES('CTY01','VietTravel');
INSERT INTO A_CTLUHANH VALUES('CTY02','Công ty PTTKHTTT');
-- dịch vụ
INSERT INTO A_DICHVU VALUES('DV01','SPA', 300000);
INSERT INTO A_DICHVU VALUES('DV02','Ăn uống', 300000);
INSERT INTO A_DICHVU VALUES('DV03','Gym', 300000);
INSERT INTO A_DICHVU VALUES('DV04','Karaoke', 300000);
INSERT INTO A_DICHVU VALUES('DV05','Bida', 300000);
--sản phẩm
INSERT INTO A_SANPHAM VALUES('SPP01','Giường', 1000000);
INSERT INTO A_SANPHAM VALUES('SPP02','Ghế', 1000000);
INSERT INTO A_SANPHAM VALUES('SPP03','Máy lạnh', 2000000);
INSERT INTO A_SANPHAM VALUES('SPP04','Khăn tắm', 500000);
INSERT INTO A_SANPHAM VALUES('SPB01','Rượu vang', 2000000);
INSERT INTO A_SANPHAM VALUES('SPB02','Rượu volka', 2000000);
INSERT INTO A_SANPHAM VALUES('SPB03','Rượu chivas', 3000000);
--discount
INSERT INTO A_DISCOUNT VALUES('KM01','Giảm 15%','Giảm 15% tổng bill', TO_DATE('2023/08/09', 'yyyy/mm/dd'));
INSERT INTO A_DISCOUNT VALUES('KM02','Giảm 25%','Giảm 25% tổng bill', TO_DATE('2023/09/09', 'yyyy/mm/dd'));
INSERT INTO A_DISCOUNT VALUES('KM03','Giảm 35%','Giảm 35% tổng bill', TO_DATE('2023/09/09', 'yyyy/mm/dd'));
--sanpham -phòng
INSERT INTO A_SANPHAM_PHONG VALUES('STD01', 'SPP01', 1);
INSERT INTO A_SANPHAM_PHONG VALUES('STD01', 'SPP02', 2);
INSERT INTO A_SANPHAM_PHONG VALUES('STD01', 'SPP03', 1);
INSERT INTO A_SANPHAM_PHONG VALUES('STD02', 'SPP01', 1);
INSERT INTO A_SANPHAM_PHONG VALUES('STD02', 'SPP02', 2);
INSERT INTO A_SANPHAM_PHONG VALUES('STD02', 'SPP03', 1);
INSERT INTO A_SANPHAM_PHONG VALUES('STD03', 'SPP01', 2);
INSERT INTO A_SANPHAM_PHONG VALUES('STD03', 'SPP02', 4);
INSERT INTO A_SANPHAM_PHONG VALUES('STD03', 'SPP03', 2);
INSERT INTO A_SANPHAM_PHONG VALUES('SUT01', 'SPP01', 1);
INSERT INTO A_SANPHAM_PHONG VALUES('SUT01', 'SPP02', 2);
INSERT INTO A_SANPHAM_PHONG VALUES('SUT01', 'SPP03', 1);
INSERT INTO A_SANPHAM_PHONG VALUES('SUT01', 'SPB01', 1);
INSERT INTO A_SANPHAM_PHONG VALUES('SUT01', 'SPB02', 1);
INSERT INTO A_SANPHAM_PHONG VALUES('SUT01', 'SPB03', 1);
--đoàn của khách hàng
INSERT INTO A_DOAN VALUES('DOAN01','Đoàn 1','Nguyễn X');
INSERT INTO A_DOAN VALUES('DOAN02','Đoàn 2','Nguyễn Y');
INSERT INTO A_DOAN VALUES('DOAN03','Đoàn 3','Nguyễn Z');
--đoàn - khách hàng
INSERT INTO A_KH_DOAN VALUES('KH001', 'DOAN01');
INSERT INTO A_KH_DOAN VALUES('KH002', 'DOAN01');
INSERT INTO A_KH_DOAN VALUES('KH003', 'DOAN01');
INSERT INTO A_KH_DOAN VALUES('KH004', 'DOAN02');
INSERT INTO A_KH_DOAN VALUES('KH005', 'DOAN02');